{
  "experiment_name": "full_finetune",
  "status": "complete",
  "params": {
    "trainable": 124441344,
    "total": 124441344,
    "percentage": 100.0
  },
  "training_history": {
    "train_loss": [
      0.7495878801719006,
      0.6234970471678962,
      0.5897192373253992,
      0.5601481531579126,
      0.5307896180767757
    ],
    "val_loss": [
      0.8472953877628666,
      0.8618150569294414,
      0.848485482065645,
      0.8633882483492975,
      0.8537909540105356
    ],
    "epoch_time": [
      278.82854771614075,
      278.0382137298584,
      278.2160768508911,
      277.2360668182373,
      274.43411922454834
    ]
  },
  "test_metrics": {
    "bleu": 0.6476382363432965,
    "rouge_l": 0.6824360050927141
  }
}
