{
  "experiment_name": "lora_r8",
  "status": "complete",
  "params": {
    "trainable": 294912,
    "total": 124736256,
    "percentage": 0.236428452686603
  },
  "training_history": {
    "train_loss": [
      1.5157529603011166,
      1.109591135510749,
      1.0359485301512554,
      0.9919073950682089,
      0.964659137320455
    ],
    "val_loss": [
      1.0317728592924875,
      0.9906556711417355,
      0.9815418899875797,
      0.9754367190068716,
      0.9787157316730447
    ],
    "epoch_time": [
      224.3124921321869,
      225.29306721687317,
      224.33791494369507,
      225.51539731025696,
      235.90994334220886
    ]
  },
  "test_metrics": {
    "bleu": 0.6520948189354333,
    "rouge_l": 0.6723453885960458
  }
}