{
  "experiment_name": "lora_r4",
  "status": "complete",
  "params": {
    "trainable": 147456,
    "total": 124588800,
    "percentage": 0.1183541377716135
  },
  "training_history": {
    "train_loss": [
      1.6213602206016866,
      1.1655061913788114,
      1.0993056943340418,
      1.057805829297095,
      1.0292236592072233
    ],
    "val_loss": [
      1.0658105947587588,
      1.009156951553201,
      0.9808178989038076,
      0.9763842053609352,
      0.9778047880693658
    ],
    "epoch_time": [
      229.21835899353027,
      223.14899706840515,
      221.44881796836853,
      220.36249709129333,
      222.17594575881958
    ]
  },
  "test_metrics": {
    "bleu": 0.6434300062588616,
    "rouge_l": 0.6786787716072195
  }
}