{
  "experiment_name": "lora_r2",
  "status": "complete",
  "params": {
    "trainable": 73728,
    "total": 124515072,
    "percentage": 0.0592121088762652
  },
  "training_history": {
    "train_loss": [
      1.7519149270153807,
      1.2402189246100044,
      1.1763545129180362,
      1.1411158500310812,
      1.1183462044207848
    ],
    "val_loss": [
      1.1349092435142765,
      1.054554601850575,
      1.0310763165558854,
      1.0136592214646405,
      1.0010329030760348
    ],
    "epoch_time": [
      227.2691524028778,
      222.22220873832703,
      224.0404167175293,
      232.82383704185486,
      230.57547616958618
    ]
  },
  "test_metrics": {
    "bleu": 0.6419544843405307,
    "rouge_l": 0.6739171558017434
  }
}